﻿Designator,Footprint,Quantity,Value,LCSC Part #
"C1, C56",C_0805,2,22uF,
C10,C_0805,1,22uF_0805_6.3V,
C11,C_0603,1,10uF_0603_10V,
"C12, C37, C38, C39, C40, C41, C42, C62, C63, C64, C65, C66, C67, C7, C9",C_0603,15,0.1uF_0603_16V,
"C13, C16, C19, C20, C25, C26, C31, C32",C_0402,8,1.0n,
"C14, C15, C17, C18, C21, C22, C23, C24, C27, C28, C29, C30, C33, C34, C35, C36",C_0402,16,120p,
"C2, C57",C_0603,2,0.1uF,
"C3, C58",C_0603,2,47pF,
"C4, C59",C_0603,2,22uF,
C43,C_0402,1,1uF_0402_25V,
"C44, C50",CP_Elec_4x5.3,2,10uF_4x5.3_10V,
"C45, C46, C47, C48, C49, C51",C_0805,6,0.1uF_0805_50V,
"C5, C60",C_0603,2,10uF,
"C52, C53, C54, C55",0805,4,47uF,
"C6, C61",CP_Elec_5x5.3,2,47uF,
C8,C_0805,1,22uF_0805_25V,
H1,Pins_2x05_2.54mm_TH_EurorackPower_Shrouded,1,Eurorack_Power_10pin_Shrouded,
J1,EighthInch_PJ398SM,1,Chan 1 Out,
"J10, J9",EighthInch_PJ398SM,2,3.5mm_Mono_Switched_SymSmall_0.05,
"J11, J12, J13",Pins_1x03_2.54mm_TH,3,Conn_01x03,
J2,EighthInch_PJ398SM,1,Chan 2 Out,
J3,EighthInch_PJ398SM,1,Chan 3 Out,
J4,EighthInch_PJ398SM,1,Chan 4 Out,
J5,EighthInch_PJ398SM,1,Chan 5 Out,
J6,EighthInch_PJ398SM,1,Chan 6 Out,
J7,EighthInch_PJ398SM,1,Chan 7 Out,
J8,EighthInch_PJ398SM,1,Chan 8 Out,
"L1, L3",COIL_5040,2,15uH,
L2,L_Taiyo-Yuden_NR-40xx,1,4.7uH_1.2A_40xx,
"R1, R56",R_0603,2,100k,
"R10, R13, R16, R19, R24, R25, R30, R31, R36, R37, R42, R43, R48, R49, R54, R55",R_0402,16,16.9k,
"R11, R12, R17, R18, R26, R27, R28, R29, R38, R39, R40, R41, R50, R51, R52, R53",R_0402,16,150,
"R14, R15, R20, R21, R22, R23, R32, R33, R34, R35, R44, R45, R46, R47, R8, R9",R_0402,16,3.9k,
"R2, R57",R_0603,2,75k,
"R3, R58",R_0603,2,40.2k,
"R4, R59",R_0603,2,7.68k,
R5,R_0603,1,100k_0603,
R6,R_0603,1,33.2k_0603,
R7,R_0603,1,10k_0603,
"TP1, TP10, TP11, TP12, TP13, TP2, TP3, TP4, TP5, TP6, TP7, TP8, TP9",TestPoint_Keystone_5005-5009_Compact,13,TestPoint_Small,
U1,QFN48_7x7-0p5_AKM,1,AK4458VN,
U2,Teensy40_SMT,1,Teensy4.0,
"U3, U9",TSOT-23-6,2,AP65211A,
U4,TSOT-23-6,1,AP62200TWU-7,
"U5, U6, U7, U8",SOIC127P599X175-8N,4,NE5532,
