﻿Designator,Footprint,Quantity,Value,LCSC Part #
"C1, C15, C2, C3",C_0805,4,22uF_0603_16V,
C10,C_0603,1,10uF_0603_10V,
"C11, C12, C13, C4, C5, C6",C_0603,6,100nF_0603_16V,
"C7, C8, C9",C_0805,3,0.1uF_0805_50V,
"J1, J2, J3, J4, J5, J6",EighthInch_PJ398SM,6,3.5mm_Mono_Switched_sm,
J7,Pins_2x05_2.54mm_TH_EurorackPower_Shrouded,1,Eurorack_Power_10pin_Shrouded,
"TP_IN1, TP_IN2, TP_MINUS_12V1, TP_OUT1, TP_OUT2, TP_PLUS_12V1, TP_T1, TP_T2",TestPoint_Keystone_5005-5009_Compact,8,TestPoint,
"U1, U3",TSSOP-8_4.4x3mm_Pitch0.65mm,2,TL072,
"U2, U6",SOIC-8_3.9x4.9mm_P1.27mm,2,LF398_SOIC8,
U7,SOT-223-3_TabPin2,1,LD1117S50TR_SOT223,
