﻿Designator,Quantity,Value,Footprint,Package,MPN,DNP,Mount_Type,Description,Specifications,Manufacturer,Display,Production Stage,JLCPCB ID,Manufacturer 2,Part Number 2,PARTREV,MANUFACTURER,MAXIMUM_PACKAGE_HEIGHT,STANDARD
C1,1,0.1uF_0805_50V,C_0805_2012Metric,,GCJ21BL81H104KA01L,,smt,"0.1uF, 50V, 0805, MLCC, X5R or similar","0.1uF, 50V, 0805, MLCC, X5R or similar",Murata,0.1uF/50V,A,,,,,,,
"C10, C3, C4, C5, C6, C7, C8, C9",8,0.33u,C_0805_2012Metric,,,,smt,Unpolarized capacitor,,,,,,,,,,,
"C11, C12, C13, C14",4,100nF_0402_16V,C_0402,,GCM155R71C104KA55D,,smt,"0.1uF, Min. 16V 10%, X7R or X5R or similar","0.1uF, Min. 16V 10%, X7R or X5R or similar",Murata,0.1uF,A,C1525,Yageo,CC0402KRX7R7BB104,,,,
C2,1,10uF_0603_10V,C_0805_2012Metric,,GRM188R61A106KE69D,,smt,"10uF, Min. 10V X5R 10%","10uF, Min. 10V X5R 10%",Murata,10uF/10V,A,C19702,,,,,,
"D1, D2, D3, D4",4,WS2812B-2020,LED_WS2812B-2020_PLCC4_2.0x2.0mm,,,,smt,"RGB LED with integrated controller, 2.0 x 2.0 mm, 12 mA",,,,,,,,,,,
J1,1,Eurorack_Power_10pin_Shrouded,Pins_2x05_2.54mm_TH_EurorackPower_Shrouded,,61201021621,,tht,HEADER 2x5 MALE PINS 0.100” 180deg,Shrouded header 10-Pin 2.54 Pitch,Wurth Elektronik,,B,,,,,,,
"J10, J2, J3, J4, J5, J8, J9",7,3.5mm_Mono_Switched_sm,EighthInch_PJ398SM,,WQP-WQP518MA,,tht,"Audio 3.5mm Jack, mono, switched, PC-pin Vertical","Audio 3.5mm Jack, mono, switched, PC-pin Vertical",Wenzhou QingPu Electronics Co,Jack,C,,,,,,,
J6,1,Conn_01x07,JST_VH_B7P-VH_1x07_P3.96mm_Vertical,,,,tht,"Generic connector, single row, 01x07, script generated (kicad-library-utils/schlib/autogen/connector/)",,,,,,,,,,,
J7,1,Conn_02x10_Odd_Even,DIP-20_W7.62mm_Socket,,,,tht,"Generic connector, double row, 02x10, odd/even pin numbering scheme (row 1 odd numbers, row 2 even numbers), script generated (kicad-library-utils/schlib/autogen/connector/)",,,,,,,,,,,
Q1,1,DMG2305UX-7,SOT91P240X110-3N_DMG2305UX-7,,,,smt,,,,,,,,,09/2018,Diodes Inc.,1.1mm,IPC-7351B
"SW1, SW2, SW3, SW4",4,D6R90F2LFS,D6R90_CNK,,,,tht,,,,,,,,,,,,
"TP1, TP2, TP3, TP4, TP5, TP6, TP8, TP_12V1, TP_3p3, TP_5V1",10,TestPoint,TestPoint_Keystone_5005-5009_Compact,,,,tht,test point,,,,,,,,,,,
"U1, U11",2,MCP4922-ESL,SOIC-14_3.9x8.65mm_Pitch1.27mm,,,,smt,"Dual 12-bit Digital to Analog Converter, SPI Interface, SOIC-14",,,,,,,,,,,
U10,1,Pico,RPi_Pico_SMD_TH,,,,tht,,,,,,,,,,,,
"U2, U3, U5, U9",4,TL072,TSSOP-8_4.4x3mm_Pitch0.65mm,,,,smt,TL072 Dual Opamp TSSOP-8,TL072 Dual Opamp,,,,C90748,,,,,,
U4,1,LD1117S50TR_SOT223,SOT-223-3_TabPin2,,,,smt,"800mA Fixed Low Drop Positive Voltage Regulator, Fixed Output 5.0V, SOT-223",,,,,,,,,,,
U6,1,LM4040DBZ-3,SOT-23,,,,smt,"3.000V Precision Micropower Shunt Voltage Reference, SOT-23",,,,,,,,,,,
U8,1,TMUX4051PWR,TSSOP16_PW_TEX,,,,smt,,,,,,,,,,,,
