﻿pos_x,pos_y,rotation,side,designator,mpn,pack,footprint,value,mount_type
117.8,-62.6,0.0,top,C1,GCJ21BL81H104KA01L,,C_0805_2012Metric,0.1uF_0805_50V,smt
121.43,-42.05,90.0,top,C10,,,C_0805_2012Metric,0.33u,smt
109.6,-95.8,180.0,top,C11,GCM155R71C104KA55D,,C_0402,100nF_0402_16V,smt
117.885,-95.8,180.0,top,C12,GCM155R71C104KA55D,,C_0402,100nF_0402_16V,smt
126.085,-96.2,180.0,top,C13,GCM155R71C104KA55D,,C_0402,100nF_0402_16V,smt
134.485,-96.2,180.0,top,C14,GCM155R71C104KA55D,,C_0402,100nF_0402_16V,smt
117.4,-47.6,0.0,top,C2,GRM188R61A106KE69D,,C_0805_2012Metric,10uF_0603_10V,smt
107.2,-68.8,90.0,top,C3,,,C_0805_2012Metric,0.33u,smt
111.0,-68.8,90.0,top,C4,,,C_0805_2012Metric,0.33u,smt
114.8,-68.8,90.0,top,C5,,,C_0805_2012Metric,0.33u,smt
118.6,-68.8,90.0,top,C6,,,C_0805_2012Metric,0.33u,smt
111.0,-42.05,90.0,top,C7,,,C_0805_2012Metric,0.33u,smt
114.6,-42.05,90.0,top,C8,,,C_0805_2012Metric,0.33u,smt
118.0,-42.05,90.0,top,C9,,,C_0805_2012Metric,0.33u,smt
109.515,-92.65,0.0,top,D1,,,LED_WS2812B-2020_PLCC4_2.0x2.0mm,WS2812B-2020,smt
117.838333,-92.65,0.0,top,D2,,,LED_WS2812B-2020_PLCC4_2.0x2.0mm,WS2812B-2020,smt
126.161666,-92.65,0.0,top,D3,,,LED_WS2812B-2020_PLCC4_2.0x2.0mm,WS2812B-2020,smt
134.485,-92.65,0.0,top,D4,,,LED_WS2812B-2020_PLCC4_2.0x2.0mm,WS2812B-2020,smt
135.3,-155.4,0.0,top,H1,,,Faceplate_Rail_Mount_Slot_Plated,MountingHole,tht
43.9,-155.2,0.0,top,H2,,,Faceplate_Rail_Mount_Slot_Plated,MountingHole,tht
44.1,-26.8,0.0,top,H3,,,Faceplate_Rail_Mount_Slot_Plated,MountingHole,tht
135.3,-32.8,0.0,top,H4,,,Faceplate_Rail_Mount_Slot_Plated,MountingHole,tht
131.93,-56.12,180.0,bottom,J1,61201021621,,Pins_2x05_2.54mm_TH_EurorackPower_Shrouded,Eurorack_Power_10pin_Shrouded,tht
88.099999,-141.2,90.0,top,J10,WQP-WQP518MA,,EighthInch_PJ398SM,3.5mm_Mono_Switched_sm,tht
102.733332,-141.2,90.0,top,J2,WQP-WQP518MA,,EighthInch_PJ398SM,3.5mm_Mono_Switched_sm,tht
44.2,-141.2,90.0,top,J3,WQP-WQP518MA,,EighthInch_PJ398SM,3.5mm_Mono_Switched_sm,tht
117.366665,-141.2,90.0,top,J4,WQP-WQP518MA,,EighthInch_PJ398SM,3.5mm_Mono_Switched_sm,tht
58.833333,-141.2,90.0,top,J5,WQP-WQP518MA,,EighthInch_PJ398SM,3.5mm_Mono_Switched_sm,tht
110.24,-82.6,0.0,top,J6,,,JST_VH_B7P-VH_1x07_P3.96mm_Vertical,Conn_01x07,tht
63.2,-82.28,0.0,top,J7,,,DIP-20_W7.62mm_Socket,Conn_02x10_Odd_Even,tht
132.0,-141.2,90.0,top,J8,WQP-WQP518MA,,EighthInch_PJ398SM,3.5mm_Mono_Switched_sm,tht
73.466666,-141.2,90.0,top,J9,WQP-WQP518MA,,EighthInch_PJ398SM,3.5mm_Mono_Switched_sm,tht
43.2,-38.2,90.0,top,Q1,,,SOT91P240X110-3N_DMG2305UX-7,DMG2305UX-7,smt
44.2,-78.80001,0.0,top,SW1,,,D6R90_CNK,D6R90F2LFS,tht
79.2,-94.20001,0.0,top,SW2,,,D6R90_CNK,D6R90F2LFS,tht
79.0,-78.80001,0.0,top,SW3,,,D6R90_CNK,D6R90F2LFS,tht
44.4,-94.80001,0.0,top,SW4,,,D6R90_CNK,D6R90F2LFS,tht
108.133334,-111.0,0.0,top,TP1,,,TestPoint_Keystone_5005-5009_Compact,TestPoint,tht
115.4,-111.0,0.0,top,TP2,,,TestPoint_Keystone_5005-5009_Compact,TestPoint,tht
122.666666,-111.0,0.0,top,TP3,,,TestPoint_Keystone_5005-5009_Compact,TestPoint,tht
129.933334,-111.0,0.0,top,TP4,,,TestPoint_Keystone_5005-5009_Compact,TestPoint,tht
108.133334,-124.4,0.0,top,TP5,,,TestPoint_Keystone_5005-5009_Compact,TestPoint,tht
115.4,-124.4,0.0,top,TP6,,,TestPoint_Keystone_5005-5009_Compact,TestPoint,tht
129.933334,-124.4,0.0,top,TP8,,,TestPoint_Keystone_5005-5009_Compact,TestPoint,tht
99.2,-47.4,0.0,top,TP_12V1,,,TestPoint_Keystone_5005-5009_Compact,TestPoint,tht
99.2,-55.8,0.0,top,TP_3p3,,,TestPoint_Keystone_5005-5009_Compact,TestPoint,tht
99.2,-63.8,0.0,top,TP_5V1,,,TestPoint_Keystone_5005-5009_Compact,TestPoint,tht
51.6,-111.4,0.0,top,U1,,,SOIC-14_3.9x8.65mm_Pitch1.27mm,MCP4922-ESL,smt
66.0,-54.8,90.0,top,U10,,,RPi_Pico_SMD_TH,Pico,tht
82.744,-111.365,0.0,top,U11,,,SOIC-14_3.9x8.65mm_Pitch1.27mm,MCP4922-ESL,smt
89.8,-125.2,90.0,top,U2,,,TSSOP-8_4.4x3mm_Pitch0.65mm,TL072,smt
59.266666,-125.2,90.0,top,U3,,,TSSOP-8_4.4x3mm_Pitch0.65mm,TL072,smt
117.2,-54.6,0.0,top,U4,,,SOT-223-3_TabPin2,LD1117S50TR_SOT223,smt
74.8,-125.2,90.0,top,U5,,,TSSOP-8_4.4x3mm_Pitch0.65mm,TL072,smt
55.85,-38.2625,90.0,top,U6,,,SOT-23,LM4040DBZ-3,smt
118.580584,-100.925049,0.0,top,U8,,,TSSOP16_PW_TEX,TMUX4051PWR,smt
44.0,-125.2,90.0,top,U9,,,TSSOP-8_4.4x3mm_Pitch0.65mm,TL072,smt
