﻿Designator,Footprint,Quantity,Value,LCSC Part #
C1,0805,1,0.1uF_0805_50V,
"C10, C3, C4, C5, C6, C7, C8, C9",0805,8,0.33u,
"C11, C12, C13, C14",C_0402,4,100nF_0402_16V,
C2,0805,1,10uF_0603_10V,
"D1, D2, D3, D4",LED_WS2812B-2020_PLCC4_2.0x2.0mm,4,WS2812B-2020,
J1,Pins_2x05_2.54mm_TH_EurorackPower_Shrouded,1,Eurorack_Power_10pin_Shrouded,
"J10, J2, J3, J4, J5, J8, J9",EighthInch_PJ398SM,7,3.5mm_Mono_Switched_sm,
J6,JST_VH_B7P-VH_1x07_P3.96mm_Vertical,1,Conn_01x07,
J7,DIP-20_W7.62mm_Socket,1,Conn_02x10_Odd_Even,
Q1,SOT91P240X110-3N_DMG2305UX-7,1,DMG2305UX-7,
"SW1, SW2, SW3, SW4",D6R90_CNK,4,D6R90F2LFS,
"TP1, TP2, TP3, TP4, TP5, TP6, TP8, TP_12V1, TP_3p3, TP_5V1",TestPoint_Keystone_5005-5009_Compact,10,TestPoint,
"U1, U11",SOIC-14_3.9x8.65mm_Pitch1.27mm,2,MCP4922-ESL,
U10,RPi_Pico_SMD_TH,1,Pico,
"U2, U3, U5, U9",TSSOP-8_4.4x3mm_Pitch0.65mm,4,TL072,
U4,SOT-223-3_TabPin2,1,LD1117S50TR_SOT223,
U6,SOT-23,1,LM4040DBZ-3,
U8,TSSOP16_PW_TEX,1,TMUX4051PWR,
