﻿Designator,Footprint,Quantity,Value,LCSC Part #
"Attenuverter1, Attenuverter2, Attenuverter3, Attenuverter4, Attenuverter5, Attenuverter6, Attenuverter7, Attenuverter8",Alpha9mmPot,8,100k,
C1,C_0805,1,0.1uF_0805_50V,
"C10, C11, C12, C13, C14, C15",C_0603,6,100nF_0603_16V,
C3,C_0603,1,10uF_0603_10V,
"C6, C7, C8, C9",C_0805,4,22uF_0603_16V,
J1,Pins_2x05_2.54mm_TH_EurorackPower_Shrouded,1,Eurorack_Power_10pin_Shrouded,
"J10, J11, J12, J13, J14, J15, J16, J17, J2, J3, J4, J5, J6, J7, J8, J9",EighthInch_PJ398SM,16,3.5mm_Mono_Switched_sm,
J18,Pins_1x03_2.54mm_TH,1,Conn_01x03,
"R1, R10, R11, R12, R13, R14, R15, R17, R2, R3, R4, R5, R6, R7, R8, R9",R_0402,16,100k_0402,
U1,SOT-223-3_TabPin2,1,LD1117S50TR_SOT223,
"U3, U4, U5, U6",TSSOP-8_4.4x3mm_Pitch0.65mm,4,LM358,
