﻿Designator,Footprint,Quantity,Value,LCSC Part #
C1,C_0805,1,0.1uF_0805_50V,
"C10, C11, C12, C13, C14, C3, C4, C5, C6, C7, C8, C9",C_0603,12,0.1uF_0603_16V,
"C15, C16, C17, C18, C19, C20, C21, C22, C23, C24, C25",C_0402,11,100nF_0402_16V,
C2,C_0603,1,10uF_0603_10V,
"D1, D11, D13, D15, D17, D3, D5, D7, D9",LTSTC195TBJRKT,9,LTST-C195TBJRKT,
"D10, D12, D14, D16, D18, D19, D2, D20, D4, D6, D8",LED_WS2812B-2020_PLCC4_2.0x2.0mm,11,WS2812B-2020,
"J1, J10, J11, J2, J3, J4, J5, J6, J7, J8, J9",EighthInch_PJ398SM,11,3.5mm_Mono_Switched_sm,
J12,Pins_1x03_2.54mm_TH,1,Conn_01x03,
J14,Pins_2x05_2.54mm_TH_EurorackPower_Shrouded,1,Eurorack_Power_10pin_Shrouded,
Q1,SOT91P240X110-3N_DMG2305UX-7,1,DMG2305UX-7,
"R1, R14, R19, R2, R24, R29, R34, R39, R4, R44, R9",R_0402,11,1k_0402,
"R10, R11, R12, R13, R15, R16, R17, R18, R20, R21, R22, R23, R25, R26, R27, R28, R30, R31, R32, R33, R35, R36, R37, R38, R40, R41, R42, R43, R45, R46, R47, R48, R5, R6, R7, R8",R_0603,36,2.7k_0603,
"SW1, SW2, SW3, SW4, SW5, SW6, SW7, SW8, SW9",D6R90_CNK,9,D6R90F2LFS,
U1,TSSOP16_PW_TEX,1,TMUX4051PWR,
"U10, U11, U12, U13, U4, U5, U6, U7, U8, U9",TSSOP-8_4.4x3mm_Pitch0.65mm,10,TL072,
U14,RPi_Pico_SMD_TH,1,Pico,
U2,SOT-23,1,LM4040DBZ-3,
U3,SOT-223-3_TabPin2,1,LD1117S50TR_SOT223,
