﻿Designator,Quantity,Value,Footprint,Package,MPN,DNP,Mount_Type,Description
"C1, C10, C11, C12, C19, C22, C4, C7",8,1.0n,C_0805_2012Metric,,,,smt,Unpolarized capacitor
"C13, C14, C15, C16, C17, C18, C2, C20, C21, C23, C24, C3, C5, C6, C8, C9",16,120p,C_0603_1608Metric,,,,smt,Unpolarized capacitor
"C25, C27",2,0.1u,C_0805_2012Metric,,,,smt,Unpolarized capacitor
"C26, C28",2,47u,C_0805_2012Metric,,,,smt,Unpolarized capacitor
C29,1,1u,C_0805_2012Metric,,,,smt,Unpolarized capacitor
J1,1,Conn_02x18_Odd_Even,PinHeader_2x18_P2.54mm_Vertical,,,,tht,"Generic connector, double row, 02x18, odd/even pin numbering scheme (row 1 odd numbers, row 2 even numbers), script generated (kicad-library-utils/schlib/autogen/connector/)"
"R1, R13, R14, R19, R2, R20, R21, R22, R23, R24, R37, R38, R43, R44, R7, R8",16,3.9k,R_0805_2012Metric,,,,smt,Resistor
"R10, R11, R16, R17, R28, R29, R3, R30, R31, R32, R33, R40, R41, R46, R47, R5",16,150,R_0805_2012Metric,,,,smt,Resistor
"R12, R15, R18, R25, R26, R27, R34, R35, R36, R39, R4, R42, R45, R48, R6, R9",16,16.9k,R_0805_2012Metric,,,,smt,Resistor
U1,1,AK4458VN,QFN48_7x7-0p5_AKM,,,,smt,
"U4, U5, U6, U7",4,NE5532DR,SOIC127P599X175-8N,,,,smt,"Dual Low-Noise Operational Amplifiers, DIP-8/SOIC-8"
