﻿Designator,Footprint,Quantity,Value,LCSC Part #
"C1, C3, C5",C_0805,3,10uF_0805_25V,
"C13, C16, C19, C20, C25, C26, C31, C32",C_0402,8,1.0n,
"C14, C15, C17, C18, C21, C22, C23, C24, C27, C28, C29, C30, C33, C34, C35, C36",C_0402,16,120p,
"C2, C4, C6",C_0603,3,10uF_0603_10V,
"C37, C38, C39, C40, C41, C42, C62, C63, C64, C65, C66, C67",C_0603,12,0.1uF_0603_16V,
C43,C_0402,1,1uF_0402_25V,
"C44, C50",CP_Elec_4x5.3,2,10uF_4x5.3_10V,
"C45, C46, C47, C48, C49, C51",C_0805,6,0.1uF_0805_50V,
"C52, C53, C54, C55",0805,4,47uF,
H1,Pins_2x05_2.54mm_TH_EurorackPower_Shrouded,1,Eurorack_Power_10pin_Shrouded,
J1,EighthInch_PJ398SM,1,Chan 1 Out,
"J10, J9",EighthInch_PJ398SM,2,3.5mm_Mono_Switched_SymSmall_0.05,
"J11, J12, J13",Pins_1x03_2.54mm_TH,3,Conn_01x03,
J2,EighthInch_PJ398SM,1,Chan 2 Out,
J3,EighthInch_PJ398SM,1,Chan 3 Out,
J4,EighthInch_PJ398SM,1,Chan 4 Out,
J5,EighthInch_PJ398SM,1,Chan 5 Out,
J6,EighthInch_PJ398SM,1,Chan 6 Out,
J7,EighthInch_PJ398SM,1,Chan 7 Out,
J8,EighthInch_PJ398SM,1,Chan 8 Out,
"R10, R13, R16, R19, R24, R25, R30, R31, R36, R37, R42, R43, R48, R49, R54, R55",R_0402,16,16.9k,
"R11, R12, R17, R18, R26, R27, R28, R29, R38, R39, R40, R41, R50, R51, R52, R53",R_0402,16,150,
"R14, R15, R20, R21, R22, R23, R32, R33, R34, R35, R44, R45, R46, R47, R8, R9",R_0402,16,3.9k,
"TP1, TP10, TP11, TP12, TP13, TP2, TP3, TP4, TP5, TP6, TP7, TP8, TP9",TestPoint_Keystone_5005-5009_Compact,13,TestPoint_Small,
U1,QFN48_7x7-0p5_AKM,1,AK4458VN,
"U10, U4",SOT-223-3_TabPin2,2,NCP1117-5.0_SOT223,
U2,Teensy40_SMT,1,Teensy4.0,
U3,SOT-223-3_TabPin2,1,NCP1117-3.3_SOT223,
"U5, U6, U7, U8",SOIC127P599X175-8N,4,NE5532,
